"filename", "language", "PHP", "JavaScript", "HTML", "Markdown", "CSS", "XML", "SCSS", "JSON", "YAML", "comment", "blank", "total"
"c:\laragon\www\grado\.styleci.yml", "YAML", 0, 0, 0, 0, 0, 0, 0, 0, 13, 0, 1, 14
"c:\laragon\www\grado\README.md", "Markdown", 0, 0, 0, 60, 0, 0, 0, 0, 0, 0, 20, 80
"c:\laragon\www\grado\app\Almacen.php", "PHP", 8, 0, 0, 0, 0, 0, 0, 0, 0, 1, 4, 13
"c:\laragon\www\grado\app\Category.php", "PHP", 8, 0, 0, 0, 0, 0, 0, 0, 0, 0, 4, 12
"c:\laragon\www\grado\app\Console\Kernel.php", "PHP", 17, 0, 0, 0, 0, 0, 0, 0, 0, 18, 7, 42
"c:\laragon\www\grado\app\DisDetail.php", "PHP", 8, 0, 0, 0, 0, 0, 0, 0, 0, 1, 4, 13
"c:\laragon\www\grado\app\Distribution.php", "PHP", 8, 0, 0, 0, 0, 0, 0, 0, 0, 1, 4, 13
"c:\laragon\www\grado\app\Exceptions\Handler.php", "PHP", 24, 0, 0, 0, 0, 0, 0, 0, 0, 29, 7, 60
"c:\laragon\www\grado\app\Exports\ReportExport.php", "PHP", 58, 0, 0, 0, 0, 0, 0, 0, 0, 2, 15, 75
"c:\laragon\www\grado\app\Follow.php", "PHP", 8, 0, 0, 0, 0, 0, 0, 0, 0, 0, 4, 12
"c:\laragon\www\grado\app\Http\Controllers\AlmacenController.php", "PHP", 72, 0, 0, 0, 0, 0, 0, 0, 0, 46, 13, 131
"c:\laragon\www\grado\app\Http\Controllers\Auth\ForgotPasswordController.php", "PHP", 12, 0, 0, 0, 0, 0, 0, 0, 0, 15, 6, 33
"c:\laragon\www\grado\app\Http\Controllers\Auth\LoginController.php", "PHP", 31, 0, 0, 0, 0, 0, 0, 0, 0, 0, 7, 38
"c:\laragon\www\grado\app\Http\Controllers\Auth\RegisterController.php", "PHP", 33, 0, 0, 0, 0, 0, 0, 0, 0, 32, 9, 74
"c:\laragon\www\grado\app\Http\Controllers\Auth\ResetPasswordController.php", "PHP", 13, 0, 0, 0, 0, 0, 0, 0, 0, 20, 7, 40
"c:\laragon\www\grado\app\Http\Controllers\Auth\VerificationController.php", "PHP", 15, 0, 0, 0, 0, 0, 0, 0, 0, 20, 7, 42
"c:\laragon\www\grado\app\Http\Controllers\CategoryController.php", "PHP", 64, 0, 0, 0, 0, 0, 0, 0, 0, 46, 11, 121
"c:\laragon\www\grado\app\Http\Controllers\CoachController.php", "PHP", 94, 0, 0, 0, 0, 0, 0, 0, 0, 43, 13, 150
"c:\laragon\www\grado\app\Http\Controllers\Controller.php", "PHP", 10, 0, 0, 0, 0, 0, 0, 0, 0, 0, 4, 14
"c:\laragon\www\grado\app\Http\Controllers\CustomerController.php", "PHP", 97, 0, 0, 0, 0, 0, 0, 0, 0, 43, 13, 153
"c:\laragon\www\grado\app\Http\Controllers\DistributionController.php", "PHP", 466, 0, 0, 0, 0, 0, 0, 0, 0, 61, 33, 560
"c:\laragon\www\grado\app\Http\Controllers\HomeController.php", "PHP", 16, 0, 0, 0, 0, 0, 0, 0, 0, 0, 4, 20
"c:\laragon\www\grado\app\Http\Controllers\OrderController.php", "PHP", 265, 0, 0, 0, 0, 0, 0, 0, 0, 57, 35, 357
"c:\laragon\www\grado\app\Http\Controllers\ProductController.php", "PHP", 31, 0, 0, 0, 0, 0, 0, 0, 0, 48, 10, 89
"c:\laragon\www\grado\app\Http\Controllers\ProductTypeController.php", "PHP", 131, 0, 0, 0, 0, 0, 0, 0, 0, 45, 16, 192
"c:\laragon\www\grado\app\Http\Controllers\PromotionController.php", "PHP", 64, 0, 0, 0, 0, 0, 0, 0, 0, 46, 11, 121
"c:\laragon\www\grado\app\Http\Controllers\ReservationController.php", "PHP", 10, 0, 0, 0, 0, 0, 0, 0, 0, 5, 4, 19
"c:\laragon\www\grado\app\Http\Controllers\ResponsibleController.php", "PHP", 93, 0, 0, 0, 0, 0, 0, 0, 0, 37, 11, 141
"c:\laragon\www\grado\app\Http\Controllers\SalesController.php", "PHP", 29, 0, 0, 0, 0, 0, 0, 0, 0, 47, 10, 86
"c:\laragon\www\grado\app\Http\Controllers\SpaceController.php", "PHP", 69, 0, 0, 0, 0, 0, 0, 0, 0, 46, 10, 125
"c:\laragon\www\grado\app\Http\Controllers\SportController.php", "PHP", 66, 0, 0, 0, 0, 0, 0, 0, 0, 40, 10, 116
"c:\laragon\www\grado\app\Http\Controllers\TeamController.php", "PHP", 64, 0, 0, 0, 0, 0, 0, 0, 0, 40, 10, 114
"c:\laragon\www\grado\app\Http\Controllers\TrainController.php", "PHP", 35, 0, 0, 0, 0, 0, 0, 0, 0, 47, 10, 92
"c:\laragon\www\grado\app\Http\Controllers\UnegocioController.php", "PHP", 28, 0, 0, 0, 0, 0, 0, 0, 0, 48, 10, 86
"c:\laragon\www\grado\app\Http\Controllers\UserController.php", "PHP", 97, 0, 0, 0, 0, 0, 0, 0, 0, 32, 9, 138
"c:\laragon\www\grado\app\Http\Kernel.php", "PHP", 40, 0, 0, 0, 0, 0, 0, 0, 0, 21, 7, 68
"c:\laragon\www\grado\app\Http\Middleware\Authenticate.php", "PHP", 12, 0, 0, 0, 0, 0, 0, 0, 0, 6, 4, 22
"c:\laragon\www\grado\app\Http\Middleware\CheckForMaintenanceMode.php", "PHP", 8, 0, 0, 0, 0, 0, 0, 0, 0, 6, 4, 18
"c:\laragon\www\grado\app\Http\Middleware\EncryptCookies.php", "PHP", 8, 0, 0, 0, 0, 0, 0, 0, 0, 6, 4, 18
"c:\laragon\www\grado\app\Http\Middleware\RedirectIfAuthenticated.php", "PHP", 15, 0, 0, 0, 0, 0, 0, 0, 0, 8, 5, 28
"c:\laragon\www\grado\app\Http\Middleware\TrimStrings.php", "PHP", 10, 0, 0, 0, 0, 0, 0, 0, 0, 5, 4, 19
"c:\laragon\www\grado\app\Http\Middleware\TrustHosts.php", "PHP", 12, 0, 0, 0, 0, 0, 0, 0, 0, 5, 4, 21
"c:\laragon\www\grado\app\Http\Middleware\TrustProxies.php", "PHP", 9, 0, 0, 0, 0, 0, 0, 0, 0, 10, 5, 24
"c:\laragon\www\grado\app\Http\Middleware\VerifyCsrfToken.php", "PHP", 8, 0, 0, 0, 0, 0, 0, 0, 0, 6, 4, 18
"c:\laragon\www\grado\app\InsDetail.php", "PHP", 8, 0, 0, 0, 0, 0, 0, 0, 0, 1, 4, 13
"c:\laragon\www\grado\app\Institution.php", "PHP", 8, 0, 0, 0, 0, 0, 0, 0, 0, 1, 4, 13
"c:\laragon\www\grado\app\Master.php", "PHP", 8, 0, 0, 0, 0, 0, 0, 0, 0, 1, 4, 13
"c:\laragon\www\grado\app\Order.php", "PHP", 8, 0, 0, 0, 0, 0, 0, 0, 0, 0, 4, 12
"c:\laragon\www\grado\app\Product.php", "PHP", 8, 0, 0, 0, 0, 0, 0, 0, 0, 1, 4, 13
"c:\laragon\www\grado\app\ProductAsig.php", "PHP", 8, 0, 0, 0, 0, 0, 0, 0, 0, 0, 4, 12
"c:\laragon\www\grado\app\ProductType.php", "PHP", 8, 0, 0, 0, 0, 0, 0, 0, 0, 1, 4, 13
"c:\laragon\www\grado\app\Promotion.php", "PHP", 8, 0, 0, 0, 0, 0, 0, 0, 0, 1, 4, 13
"c:\laragon\www\grado\app\Providers\AppServiceProvider.php", "PHP", 12, 0, 0, 0, 0, 0, 0, 0, 0, 12, 5, 29
"c:\laragon\www\grado\app\Providers\AuthServiceProvider.php", "PHP", 13, 0, 0, 0, 0, 0, 0, 0, 0, 12, 6, 31
"c:\laragon\www\grado\app\Providers\BroadcastServiceProvider.php", "PHP", 12, 0, 0, 0, 0, 0, 0, 0, 0, 5, 5, 22
"c:\laragon\www\grado\app\Providers\EventServiceProvider.php", "PHP", 18, 0, 0, 0, 0, 0, 0, 0, 0, 11, 6, 35
"c:\laragon\www\grado\app\Providers\RouteServiceProvider.php", "PHP", 31, 0, 0, 0, 0, 0, 0, 0, 0, 38, 12, 81
"c:\laragon\www\grado\app\Rol.php", "PHP", 8, 0, 0, 0, 0, 0, 0, 0, 0, 0, 5, 13
"c:\laragon\www\grado\app\Sales.php", "PHP", 6, 0, 0, 0, 0, 0, 0, 0, 0, 1, 4, 11
"c:\laragon\www\grado\app\Space.php", "PHP", 8, 0, 0, 0, 0, 0, 0, 0, 0, 1, 4, 13
"c:\laragon\www\grado\app\Sport.php", "PHP", 8, 0, 0, 0, 0, 0, 0, 0, 0, 1, 4, 13
"c:\laragon\www\grado\app\Team.php", "PHP", 8, 0, 0, 0, 0, 0, 0, 0, 0, 1, 4, 13
"c:\laragon\www\grado\app\Train.php", "PHP", 14, 0, 0, 0, 0, 0, 0, 0, 0, 1, 5, 20
"c:\laragon\www\grado\app\TypeDetail.php", "PHP", 8, 0, 0, 0, 0, 0, 0, 0, 0, 0, 4, 12
"c:\laragon\www\grado\app\Unegocio.php", "PHP", 8, 0, 0, 0, 0, 0, 0, 0, 0, 1, 4, 13
"c:\laragon\www\grado\app\User.php", "PHP", 26, 0, 0, 0, 0, 0, 0, 0, 0, 17, 12, 55
"c:\laragon\www\grado\app\UserUnit.php", "PHP", 8, 0, 0, 0, 0, 0, 0, 0, 0, 0, 4, 12
"c:\laragon\www\grado\bootstrap\app.php", "PHP", 17, 0, 0, 0, 0, 0, 0, 0, 0, 30, 9, 56
"c:\laragon\www\grado\composer.json", "JSON", 0, 0, 0, 0, 0, 0, 0, 64, 0, 0, 1, 65
"c:\laragon\www\grado\composer.lock", "JSON", 0, 0, 0, 0, 0, 0, 0, 7433, 0, 0, 1, 7434
"c:\laragon\www\grado\config\app.php", "PHP", 80, 0, 0, 0, 0, 0, 0, 0, 0, 120, 33, 233
"c:\laragon\www\grado\config\auth.php", "PHP", 33, 0, 0, 0, 0, 0, 0, 0, 0, 70, 15, 118
"c:\laragon\www\grado\config\broadcasting.php", "PHP", 26, 0, 0, 0, 0, 0, 0, 0, 0, 22, 12, 60
"c:\laragon\www\grado\config\cache.php", "PHP", 53, 0, 0, 0, 0, 0, 0, 0, 0, 34, 18, 105
"c:\laragon\www\grado\config\cors.php", "PHP", 11, 0, 0, 0, 0, 0, 0, 0, 0, 12, 12, 35
"c:\laragon\www\grado\config\database.php", "PHP", 81, 0, 0, 0, 0, 0, 0, 0, 0, 45, 22, 148
"c:\laragon\www\grado\config\filesystems.php", "PHP", 29, 0, 0, 0, 0, 0, 0, 0, 0, 42, 15, 86
"c:\laragon\www\grado\config\hashing.php", "PHP", 12, 0, 0, 0, 0, 0, 0, 0, 0, 32, 9, 53
"c:\laragon\www\grado\config\logging.php", "PHP", 64, 0, 0, 0, 0, 0, 0, 0, 0, 24, 17, 105
"c:\laragon\www\grado\config\mail.php", "PHP", 46, 0, 0, 0, 0, 0, 0, 0, 0, 47, 18, 111
"c:\laragon\www\grado\config\queue.php", "PHP", 43, 0, 0, 0, 0, 0, 0, 0, 0, 32, 15, 90
"c:\laragon\www\grado\config\services.php", "PHP", 16, 0, 0, 0, 0, 0, 0, 0, 0, 11, 7, 34
"c:\laragon\www\grado\config\session.php", "PHP", 22, 0, 0, 0, 0, 0, 0, 0, 0, 147, 33, 202
"c:\laragon\www\grado\config\view.php", "PHP", 10, 0, 0, 0, 0, 0, 0, 0, 0, 20, 7, 37
"c:\laragon\www\grado\database\factories\UserFactory.php", "PHP", 13, 0, 0, 0, 0, 0, 0, 0, 0, 11, 5, 29
"c:\laragon\www\grado\database\migrations\2019_08_19_000000_create_failed_jobs_table.php", "PHP", 22, 0, 0, 0, 0, 0, 0, 0, 0, 10, 4, 36
"c:\laragon\www\grado\database\migrations\2020_08_08_200549_create_categories_table.php", "PHP", 21, 0, 0, 0, 0, 0, 0, 0, 0, 10, 4, 35
"c:\laragon\www\grado\database\migrations\2020_08_11_214254_create_rols_table.php", "PHP", 19, 0, 0, 0, 0, 0, 0, 0, 0, 10, 4, 33
"c:\laragon\www\grado\database\migrations\2020_08_14_164121_create_product_types_table.php", "PHP", 20, 0, 0, 0, 0, 0, 0, 0, 0, 10, 4, 34
"c:\laragon\www\grado\database\migrations\2020_08_18_122316_create_products_table.php", "PHP", 18, 0, 0, 0, 0, 0, 0, 0, 0, 10, 4, 32
"c:\laragon\www\grado\database\migrations\2020_08_19_182030_create_sales_table.php", "PHP", 18, 0, 0, 0, 0, 0, 0, 0, 0, 10, 4, 32
"c:\laragon\www\grado\database\migrations\2020_10_12_000000_create_users_table.php", "PHP", 33, 0, 0, 0, 0, 0, 0, 0, 0, 10, 5, 48
"c:\laragon\www\grado\database\migrations\2021_03_13_202903_create_promotions_table.php", "PHP", 20, 0, 0, 0, 0, 0, 0, 0, 0, 10, 4, 34
"c:\laragon\www\grado\database\migrations\2021_03_14_040936_create_spaces_table.php", "PHP", 22, 0, 0, 0, 0, 0, 0, 0, 0, 10, 4, 36
"c:\laragon\www\grado\database\migrations\2021_05_03_213701_create_sports_table.php", "PHP", 20, 0, 0, 0, 0, 0, 0, 0, 0, 10, 4, 34
"c:\laragon\www\grado\database\migrations\2021_05_03_233419_create_teams_table.php", "PHP", 20, 0, 0, 0, 0, 0, 0, 0, 0, 10, 4, 34
"c:\laragon\www\grado\database\migrations\2021_05_12_201513_create_trains_table.php", "PHP", 24, 0, 0, 0, 0, 0, 0, 0, 0, 10, 4, 38
"c:\laragon\www\grado\database\seeds\DatabaseSeeder.php", "PHP", 10, 0, 0, 0, 0, 0, 0, 0, 0, 5, 3, 18
"c:\laragon\www\grado\database\seeds\RolsTableSeeder.php", "PHP", 24, 0, 0, 0, 0, 0, 0, 0, 0, 5, 3, 32
"c:\laragon\www\grado\database\seeds\UsersTableSeeder.php", "PHP", 21, 0, 0, 0, 0, 0, 0, 0, 0, 5, 4, 30
"c:\laragon\www\grado\package.json", "JSON", 0, 0, 0, 0, 0, 0, 0, 21, 0, 0, 1, 22
"c:\laragon\www\grado\phpunit.xml", "XML", 0, 0, 0, 0, 0, 31, 0, 0, 0, 0, 1, 32
"c:\laragon\www\grado\public\css\vertical-layout-light\style.css", "CSS", 0, 0, 0, 0, 26846, 0, 0, 0, 0, 240, 3354, 30440
"c:\laragon\www\grado\public\fonts\poppins\Poppins-Black.html", "HTML", 0, 0, 387, 0, 0, 0, 0, 0, 0, 0, 3, 390
"c:\laragon\www\grado\public\fonts\poppins\Poppins-Bold.html", "HTML", 0, 0, 373, 0, 0, 0, 0, 0, 0, 0, 2, 375
"c:\laragon\www\grado\public\fonts\poppins\Poppins-Light.html", "HTML", 0, 0, 379, 0, 0, 0, 0, 0, 0, 0, 4, 383
"c:\laragon\www\grado\public\fonts\poppins\Poppins-Medium.html", "HTML", 0, 0, 370, 0, 0, 0, 0, 0, 0, 0, 1, 371
"c:\laragon\www\grado\public\fonts\poppins\Poppins-Regular.html", "HTML", 0, 0, 357, 0, 0, 0, 0, 0, 0, 0, 2, 359
"c:\laragon\www\grado\public\images\logo-mini.svg", "XML", 0, 0, 0, 0, 0, 13, 0, 0, 0, 1, 0, 14
"c:\laragon\www\grado\public\images\logo.svg", "XML", 0, 0, 0, 0, 0, 18, 0, 0, 0, 1, 0, 19
"c:\laragon\www\grado\public\index.php", "PHP", 10, 0, 0, 0, 0, 0, 0, 0, 0, 39, 12, 61
"c:\laragon\www\grado\public\js\alerts.js", "JavaScript", 0, 96, 0, 0, 0, 0, 0, 0, 0, 1, 5, 102
"c:\laragon\www\grado\public\js\avgrund.js", "JavaScript", 0, 21, 0, 0, 0, 0, 0, 0, 0, 0, 0, 21
"c:\laragon\www\grado\public\js\bt-maxLength.js", "JavaScript", 0, 28, 0, 0, 0, 0, 0, 0, 0, 0, 3, 31
"c:\laragon\www\grado\public\js\c3.js", "JavaScript", 0, 205, 0, 0, 0, 0, 0, 0, 0, 1, 12, 218
"c:\laragon\www\grado\public\js\calendar.js", "JavaScript", 0, 73, 0, 0, 0, 0, 0, 0, 0, 0, 0, 73
"c:\laragon\www\grado\public\js\chart.js", "JavaScript", 0, 330, 0, 0, 0, 0, 0, 0, 0, 7, 15, 352
"c:\laragon\www\grado\public\js\chartist.js", "JavaScript", 0, 191, 0, 0, 0, 0, 0, 0, 0, 8, 18, 217
"c:\laragon\www\grado\public\js\clipboard.js", "JavaScript", 0, 10, 0, 0, 0, 0, 0, 0, 0, 0, 0, 10
"c:\laragon\www\grado\public\js\codeEditor.js", "JavaScript", 0, 117, 0, 0, 0, 0, 0, 0, 0, 2, 2, 121
"c:\laragon\www\grado\public\js\context-menu.js", "JavaScript", 0, 238, 0, 0, 0, 0, 0, 0, 0, 2, 0, 240
"c:\laragon\www\grado\public\js\dashboard.js", "JavaScript", 0, 845, 0, 0, 0, 0, 0, 0, 0, 10, 25, 880
"c:\laragon\www\grado\public\js\data-table.js", "JavaScript", 0, 23, 0, 0, 0, 0, 0, 0, 0, 2, 0, 25
"c:\laragon\www\grado\public\js\db.js", "JavaScript", 0, 895, 0, 0, 0, 0, 0, 0, 0, 0, 12, 907
"c:\laragon\www\grado\public\js\desktop-notification.js", "JavaScript", 0, 65, 0, 0, 0, 0, 0, 0, 0, 1, 14, 80
"c:\laragon\www\grado\public\js\dragula.js", "JavaScript", 0, 16, 0, 0, 0, 0, 0, 0, 0, 0, 0, 16
"c:\laragon\www\grado\public\js\dropify.js", "JavaScript", 0, 4, 0, 0, 0, 0, 0, 0, 0, 0, 0, 4
"c:\laragon\www\grado\public\js\dropzone.js", "JavaScript", 0, 6, 0, 0, 0, 0, 0, 0, 0, 0, 0, 6
"c:\laragon\www\grado\public\js\editorDemo.js", "JavaScript", 0, 196, 0, 0, 0, 0, 0, 0, 0, 5, 20, 221
"c:\laragon\www\grado\public\js\file-upload.js", "JavaScript", 0, 12, 0, 0, 0, 0, 0, 0, 0, 0, 0, 12
"c:\laragon\www\grado\public\js\flot-chart.js", "JavaScript", 0, 455, 0, 0, 0, 0, 0, 0, 0, 30, 78, 563
"c:\laragon\www\grado\public\js\form-addons.js", "JavaScript", 0, 113, 0, 0, 0, 0, 0, 0, 0, 4, 29, 146
"c:\laragon\www\grado\public\js\form-repeater.js", "JavaScript", 0, 19, 0, 0, 0, 0, 0, 0, 0, 19, 0, 38
"c:\laragon\www\grado\public\js\form-validation.js", "JavaScript", 0, 91, 0, 0, 0, 0, 0, 0, 0, 6, 0, 97
"c:\laragon\www\grado\public\js\formpickers.js", "JavaScript", 0, 34, 0, 0, 0, 0, 0, 0, 0, 0, 1, 35
"c:\laragon\www\grado\public\js\google-charts.js", "JavaScript", 0, 178, 0, 0, 0, 0, 0, 0, 0, 14, 50, 242
"c:\laragon\www\grado\public\js\hoverable-collapse.js", "JavaScript", 0, 24, 0, 0, 0, 0, 0, 0, 0, 1, 0, 25
"c:\laragon\www\grado\public\js\ion-range-slider.js", "JavaScript", 0, 171, 0, 0, 0, 0, 0, 0, 0, 0, 18, 189
"c:\laragon\www\grado\public\js\jq.tablesort.js", "JavaScript", 0, 95, 0, 0, 0, 0, 0, 0, 0, 12, 16, 123
"c:\laragon\www\grado\public\js\jquery-file-upload.js", "JavaScript", 0, 9, 0, 0, 0, 0, 0, 0, 0, 0, 0, 9
"c:\laragon\www\grado\public\js\js-grid.js", "JavaScript", 0, 177, 0, 0, 0, 0, 0, 0, 0, 3, 12, 192
"c:\laragon\www\grado\public\js\just-gage.js", "JavaScript", 0, 175, 0, 0, 0, 0, 0, 0, 0, 0, 18, 193
"c:\laragon\www\grado\public\js\light-gallery.js", "JavaScript", 0, 16, 0, 0, 0, 0, 0, 0, 0, 0, 2, 18
"c:\laragon\www\grado\public\js\mapael.js", "JavaScript", 0, 10, 0, 0, 0, 0, 0, 0, 0, 0, 0, 10
"c:\laragon\www\grado\public\js\mapael_example_1.js", "JavaScript", 0, 9073, 0, 0, 0, 0, 0, 0, 0, 0, 0, 9073
"c:\laragon\www\grado\public\js\mapael_example_2.js", "JavaScript", 0, 168, 0, 0, 0, 0, 0, 0, 0, 3, 2, 173
"c:\laragon\www\grado\public\js\maps.js", "JavaScript", 0, 215, 0, 0, 0, 0, 0, 0, 0, 0, 0, 215
"c:\laragon\www\grado\public\js\modal-demo.js", "JavaScript", 0, 10, 0, 0, 0, 0, 0, 0, 0, 2, 0, 12
"c:\laragon\www\grado\public\js\morris.js", "JavaScript", 0, 237, 0, 0, 0, 0, 0, 0, 0, 0, 2, 239
"c:\laragon\www\grado\public\js\no-ui-slider.js", "JavaScript", 0, 269, 0, 0, 0, 0, 0, 0, 0, 11, 14, 294
"c:\laragon\www\grado\public\js\off-canvas.js", "JavaScript", 0, 8, 0, 0, 0, 0, 0, 0, 0, 0, 0, 8
"c:\laragon\www\grado\public\js\owl-carousel.js", "JavaScript", 0, 125, 0, 0, 0, 0, 0, 0, 0, 0, 9, 134
"c:\laragon\www\grado\public\js\paginate.js", "JavaScript", 0, 20, 0, 0, 0, 0, 0, 0, 0, 0, 3, 23
"c:\laragon\www\grado\public\js\popover.js", "JavaScript", 0, 21, 0, 0, 0, 0, 0, 0, 0, 3, 8, 32
"c:\laragon\www\grado\public\js\profile-demo.js", "JavaScript", 0, 9, 0, 0, 0, 0, 0, 0, 0, 0, 0, 9
"c:\laragon\www\grado\public\js\progress-bar.js", "JavaScript", 0, 195, 0, 0, 0, 0, 0, 0, 0, 19, 25, 239
"c:\laragon\www\grado\public\js\select2.js", "JavaScript", 0, 9, 0, 0, 0, 0, 0, 0, 0, 0, 1, 10
"c:\laragon\www\grado\public\js\settings.js", "JavaScript", 0, 76, 0, 0, 0, 0, 0, 0, 0, 3, 7, 86
"c:\laragon\www\grado\public\js\sparkline.js", "JavaScript", 0, 71, 0, 0, 0, 0, 0, 0, 0, 0, 8, 79
"c:\laragon\www\grado\public\js\tablesorter.js", "JavaScript", 0, 11, 0, 0, 0, 0, 0, 0, 0, 0, 0, 11
"c:\laragon\www\grado\public\js\tabs.js", "JavaScript", 0, 42, 0, 0, 0, 0, 0, 0, 0, 0, 6, 48
"c:\laragon\www\grado\public\js\template.js", "JavaScript", 0, 80, 0, 0, 0, 0, 0, 0, 0, 19, 14, 113
"c:\laragon\www\grado\public\js\tight-grid.js", "JavaScript", 0, 9, 0, 0, 0, 0, 0, 0, 0, 0, 0, 9
"c:\laragon\www\grado\public\js\toastDemo.js", "JavaScript", 0, 86, 0, 0, 0, 0, 0, 0, 0, 0, 0, 86
"c:\laragon\www\grado\public\js\todolist.js", "JavaScript", 0, 26, 0, 0, 0, 0, 0, 0, 0, 0, 8, 34
"c:\laragon\www\grado\public\js\tooltips.js", "JavaScript", 0, 21, 0, 0, 0, 0, 0, 0, 0, 3, 9, 33
"c:\laragon\www\grado\public\js\typeahead.js", "JavaScript", 0, 47, 0, 0, 0, 0, 0, 0, 0, 6, 7, 60
"c:\laragon\www\grado\public\js\wizard.js", "JavaScript", 0, 53, 0, 0, 0, 0, 0, 0, 0, 0, 0, 53
"c:\laragon\www\grado\public\js\x-editable.js", "JavaScript", 0, 146, 0, 0, 0, 0, 0, 0, 0, 0, 16, 162
"c:\laragon\www\grado\public\vendors\ace-builds\src-min\ace.js", "JavaScript", 0, 16, 0, 0, 0, 0, 0, 0, 0, 0, 1, 17
"c:\laragon\www\grado\public\vendors\ace-builds\src-min\mode-javascript.js", "JavaScript", 0, 7, 0, 0, 0, 0, 0, 0, 0, 0, 1, 8
"c:\laragon\www\grado\public\vendors\ace-builds\src-min\theme-chaos.js", "JavaScript", 0, 7, 0, 0, 0, 0, 0, 0, 0, 0, 1, 8
"c:\laragon\www\grado\public\vendors\base\vendor.bundle.base.css", "CSS", 0, 0, 0, 0, 87, 0, 0, 0, 0, 18, 12, 117
"c:\laragon\www\grado\public\vendors\base\vendor.bundle.base.js", "JavaScript", 0, 4, 0, 0, 0, 0, 0, 0, 0, 16, 2, 22
"c:\laragon\www\grado\public\vendors\bootstrap-datepicker\bootstrap-datepicker.min.css", "CSS", 0, 0, 0, 0, 1, 0, 0, 0, 0, 5, 1, 7
"c:\laragon\www\grado\public\vendors\bootstrap-datepicker\bootstrap-datepicker.min.js", "JavaScript", 0, 2, 0, 0, 0, 0, 0, 0, 0, 5, 1, 8
"c:\laragon\www\grado\public\vendors\bootstrap-maxlength\bootstrap-maxlength.min.js", "JavaScript", 0, 1, 0, 0, 0, 0, 0, 0, 0, 8, 1, 10
"c:\laragon\www\grado\public\vendors\c3\c3.js", "JavaScript", 0, 9042, 0, 0, 0, 0, 0, 0, 0, 190, 1953, 11185
"c:\laragon\www\grado\public\vendors\c3\c3.min.css", "CSS", 0, 0, 0, 0, 1, 0, 0, 0, 0, 0, 0, 1
"c:\laragon\www\grado\public\vendors\chart.js\Chart.min.js", "JavaScript", 0, 1, 0, 0, 0, 0, 0, 0, 0, 6, 1, 8
"c:\laragon\www\grado\public\vendors\chartist\chartist.min.css", "CSS", 0, 0, 0, 0, 1, 0, 0, 0, 0, 0, 0, 1
"c:\laragon\www\grado\public\vendors\chartist\chartist.min.js", "JavaScript", 0, 2, 0, 0, 0, 0, 0, 0, 0, 7, 1, 10
"c:\laragon\www\grado\public\vendors\clipboard\clipboard.min.js", "JavaScript", 0, 1, 0, 0, 0, 0, 0, 0, 0, 6, 0, 7
"c:\laragon\www\grado\public\vendors\codemirror\ambiance.css", "CSS", 0, 0, 0, 0, 58, 0, 0, 0, 0, 3, 14, 75
"c:\laragon\www\grado\public\vendors\codemirror\codemirror.css", "CSS", 0, 0, 0, 0, 281, 0, 0, 0, 0, 23, 43, 347
"c:\laragon\www\grado\public\vendors\codemirror\codemirror.js", "JavaScript", 0, 7759, 0, 0, 0, 0, 0, 0, 0, 1016, 988, 9763
"c:\laragon\www\grado\public\vendors\codemirror\javascript.js", "JavaScript", 0, 856, 0, 0, 0, 0, 0, 0, 0, 22, 46, 924
"c:\laragon\www\grado\public\vendors\codemirror\shell.js", "JavaScript", 0, 132, 0, 0, 0, 0, 0, 0, 0, 4, 17, 153
"c:\laragon\www\grado\public\vendors\colcade\colcade.js", "JavaScript", 0, 246, 0, 0, 0, 0, 0, 0, 0, 66, 55, 367
"c:\laragon\www\grado\public\vendors\d3\d3.min.js", "JavaScript", 0, 1, 0, 0, 0, 0, 0, 0, 0, 1, 1, 3
"c:\laragon\www\grado\public\vendors\datatables.net-bs4\dataTables.bootstrap4.css", "CSS", 0, 0, 0, 0, 197, 0, 0, 0, 0, 0, 10, 207
"c:\laragon\www\grado\public\vendors\datatables.net-bs4\dataTables.bootstrap4.js", "JavaScript", 0, 131, 0, 0, 0, 0, 0, 0, 0, 26, 28, 185
"c:\laragon\www\grado\public\vendors\datatables.net\jquery.dataTables.js", "JavaScript", 0, 6333, 0, 0, 0, 0, 0, 0, 0, 6985, 1979, 15297
"c:\laragon\www\grado\public\vendors\dragula\dragula.min.css", "CSS", 0, 0, 0, 0, 1, 0, 0, 0, 0, 0, 0, 1
"c:\laragon\www\grado\public\vendors\dragula\dragula.min.js", "JavaScript", 0, 1, 0, 0, 0, 0, 0, 0, 0, 0, 0, 1
"c:\laragon\www\grado\public\vendors\dropify\dropify.min.css", "CSS", 0, 0, 0, 0, 2, 0, 0, 0, 0, 6, 0, 8
"c:\laragon\www\grado\public\vendors\dropify\dropify.min.js", "JavaScript", 0, 1, 0, 0, 0, 0, 0, 0, 0, 8, 1, 10
"c:\laragon\www\grado\public\vendors\dropzone\dropzone.css", "CSS", 0, 0, 0, 0, 383, 0, 0, 0, 0, 4, 2, 389
"c:\laragon\www\grado\public\vendors\dropzone\dropzone.js", "JavaScript", 0, 2376, 0, 0, 0, 0, 0, 0, 0, 616, 539, 3531
"c:\laragon\www\grado\public\vendors\flag-icon-css\css\flag-icon.min.css", "CSS", 0, 0, 0, 0, 1, 0, 0, 0, 0, 0, 0, 1
"c:\laragon\www\grado\public\vendors\flot\curvedLines.js", "JavaScript", 0, 274, 0, 0, 0, 0, 0, 0, 0, 134, 76, 484
"c:\laragon\www\grado\public\vendors\flot\jquery.flot.categories.js", "JavaScript", 0, 121, 0, 0, 0, 0, 0, 0, 0, 51, 31, 203
"c:\laragon\www\grado\public\vendors\flot\jquery.flot.fillbetween.js", "JavaScript", 0, 171, 0, 0, 0, 0, 0, 0, 0, 43, 41, 255
"c:\laragon\www\grado\public\vendors\flot\jquery.flot.js", "JavaScript", 0, 1, 0, 0, 0, 0, 0, 0, 0, 1, 1, 3
"c:\laragon\www\grado\public\vendors\flot\jquery.flot.pie.js", "JavaScript", 0, 532, 0, 0, 0, 0, 0, 0, 0, 128, 127, 787
"c:\laragon\www\grado\public\vendors\flot\jquery.flot.resize.js", "JavaScript", 0, 27, 0, 0, 0, 0, 0, 0, 0, 24, 10, 61
"c:\laragon\www\grado\public\vendors\flot\jquery.flot.stack.js", "JavaScript", 0, 141, 0, 0, 0, 0, 0, 0, 0, 47, 33, 221
"c:\laragon\www\grado\public\vendors\font-awesome\css\font-awesome.min.css", "CSS", 0, 0, 0, 0, 1, 0, 0, 0, 0, 3, 1, 5
"c:\laragon\www\grado\public\vendors\fullcalendar\fullcalendar.min.css", "CSS", 0, 0, 0, 0, 1, 0, 0, 0, 0, 4, 0, 5
"c:\laragon\www\grado\public\vendors\fullcalendar\fullcalendar.min.js", "JavaScript", 0, 7, 0, 0, 0, 0, 0, 0, 0, 5, 0, 12
"c:\laragon\www\grado\public\vendors\inputmask\inputmask.binding.js", "JavaScript", 0, 25, 0, 0, 0, 0, 0, 0, 0, 7, 1, 33
"c:\laragon\www\grado\public\vendors\inputmask\jquery.inputmask.bundle.js", "JavaScript", 0, 3815, 0, 0, 0, 0, 0, 0, 0, 7, 45, 3867
"c:\laragon\www\grado\public\vendors\ion-rangeslider\css\ion.rangeSlider.css", "CSS", 0, 0, 0, 0, 670, 0, 0, 0, 0, 5, 1, 676
"c:\laragon\www\grado\public\vendors\ion-rangeslider\js\ion.rangeSlider.min.js", "JavaScript", 0, 1, 0, 0, 0, 0, 0, 0, 0, 1, 0, 2
"c:\laragon\www\grado\public\vendors\jquery-asColorPicker\css\asColorPicker.min.css", "CSS", 0, 0, 0, 0, 1, 0, 0, 0, 0, 8, 1, 10
"c:\laragon\www\grado\public\vendors\jquery-asColorPicker\jquery-asColorPicker.min.js", "JavaScript", 0, 1, 0, 0, 0, 0, 0, 0, 0, 8, 1, 10
"c:\laragon\www\grado\public\vendors\jquery-asColor\jquery-asColor.min.js", "JavaScript", 0, 1, 0, 0, 0, 0, 0, 0, 0, 8, 1, 10
"c:\laragon\www\grado\public\vendors\jquery-asGradient\jquery-asGradient.min.js", "JavaScript", 0, 1, 0, 0, 0, 0, 0, 0, 0, 8, 1, 10
"c:\laragon\www\grado\public\vendors\jquery-bar-rating\bars-1to10.css", "CSS", 0, 0, 0, 0, 54, 0, 0, 0, 0, 0, 1, 55
"c:\laragon\www\grado\public\vendors\jquery-bar-rating\bars-horizontal.css", "CSS", 0, 0, 0, 0, 50, 0, 0, 0, 0, 0, 1, 51
"c:\laragon\www\grado\public\vendors\jquery-bar-rating\bars-movie.css", "CSS", 0, 0, 0, 0, 53, 0, 0, 0, 0, 0, 1, 54
"c:\laragon\www\grado\public\vendors\jquery-bar-rating\bars-pill.css", "CSS", 0, 0, 0, 0, 61, 0, 0, 0, 0, 0, 1, 62
"c:\laragon\www\grado\public\vendors\jquery-bar-rating\bars-reversed.css", "CSS", 0, 0, 0, 0, 57, 0, 0, 0, 0, 0, 1, 58
"c:\laragon\www\grado\public\vendors\jquery-bar-rating\bars-square.css", "CSS", 0, 0, 0, 0, 53, 0, 0, 0, 0, 0, 1, 54
"c:\laragon\www\grado\public\vendors\jquery-bar-rating\bootstrap-stars.css", "CSS", 0, 0, 0, 0, 38, 0, 0, 0, 0, 0, 1, 39
"c:\laragon\www\grado\public\vendors\jquery-bar-rating\css-stars.css", "CSS", 0, 0, 0, 0, 39, 0, 0, 0, 0, 0, 1, 40
"c:\laragon\www\grado\public\vendors\jquery-bar-rating\examples.css", "CSS", 0, 0, 0, 0, 152, 0, 0, 0, 0, 4, 1, 157
"c:\laragon\www\grado\public\vendors\jquery-bar-rating\fontawesome-stars-o.css", "CSS", 0, 0, 0, 0, 56, 0, 0, 0, 0, 0, 1, 57
"c:\laragon\www\grado\public\vendors\jquery-bar-rating\fontawesome-stars.css", "CSS", 0, 0, 0, 0, 38, 0, 0, 0, 0, 0, 1, 39
"c:\laragon\www\grado\public\vendors\jquery-bar-rating\jquery.barrating.min.js", "JavaScript", 0, 1, 0, 0, 0, 0, 0, 0, 0, 1, 0, 2
"c:\laragon\www\grado\public\vendors\jquery-contextmenu\jquery.contextMenu.min.css", "CSS", 0, 0, 0, 0, 2, 0, 0, 0, 0, 14, 1, 17
"c:\laragon\www\grado\public\vendors\jquery-contextmenu\jquery.contextMenu.min.js", "JavaScript", 0, 1, 0, 0, 0, 0, 0, 0, 0, 1, 1, 3
"c:\laragon\www\grado\public\vendors\jquery-file-upload\jquery.uploadfile.min.js", "JavaScript", 0, 1, 0, 0, 0, 0, 0, 0, 0, 7, 0, 8
"c:\laragon\www\grado\public\vendors\jquery-file-upload\uploadfile.css", "CSS", 0, 0, 0, 0, 137, 0, 0, 0, 0, 0, 9, 146
"c:\laragon\www\grado\public\vendors\jquery-mapael\france_departments.min.js", "JavaScript", 0, 5, 0, 0, 0, 0, 0, 0, 0, 0, 0, 5
"c:\laragon\www\grado\public\vendors\jquery-mapael\jquery.mapael.min.js", "JavaScript", 0, 2, 0, 0, 0, 0, 0, 0, 0, 0, 0, 2
"c:\laragon\www\grado\public\vendors\jquery-mapael\usa_states.min.js", "JavaScript", 0, 2, 0, 0, 0, 0, 0, 0, 0, 0, 0, 2
"c:\laragon\www\grado\public\vendors\jquery-mapael\world_countries.min.js", "JavaScript", 0, 6, 0, 0, 0, 0, 0, 0, 0, 0, 0, 6
"c:\laragon\www\grado\public\vendors\jquery-sparkline\jquery.sparkline.min.js", "JavaScript", 0, 2, 0, 0, 0, 0, 0, 0, 0, 0, 1, 3
"c:\laragon\www\grado\public\vendors\jquery-steps\jquery.steps.min.js", "JavaScript", 0, 1, 0, 0, 0, 0, 0, 0, 0, 5, 0, 6
"c:\laragon\www\grado\public\vendors\jquery-tags-input\jquery.tagsinput.min.css", "CSS", 0, 0, 0, 0, 1, 0, 0, 0, 0, 0, 0, 1
"c:\laragon\www\grado\public\vendors\jquery-tags-input\jquery.tagsinput.min.js", "JavaScript", 0, 1, 0, 0, 0, 0, 0, 0, 0, 0, 0, 1
"c:\laragon\www\grado\public\vendors\jquery-toast-plugin\jquery.toast.min.css", "CSS", 0, 0, 0, 0, 1, 0, 0, 0, 0, 0, 0, 1
"c:\laragon\www\grado\public\vendors\jquery-toast-plugin\jquery.toast.min.js", "JavaScript", 0, 1, 0, 0, 0, 0, 0, 0, 0, 0, 0, 1
"c:\laragon\www\grado\public\vendors\jquery-validation\jquery.validate.min.js", "JavaScript", 0, 1, 0, 0, 0, 0, 0, 0, 0, 3, 0, 4
"c:\laragon\www\grado\public\vendors\jquery.avgrund\jquery.avgrund.min.js", "JavaScript", 0, 1, 0, 0, 0, 0, 0, 0, 0, 1, 0, 2
"c:\laragon\www\grado\public\vendors\jquery.repeater\jquery.repeater.min.js", "JavaScript", 0, 1, 0, 0, 0, 0, 0, 0, 0, 4, 0, 5
"c:\laragon\www\grado\public\vendors\jsgrid\jsgrid-theme.min.css", "CSS", 0, 0, 0, 0, 1, 0, 0, 0, 0, 5, 1, 7
"c:\laragon\www\grado\public\vendors\jsgrid\jsgrid.min.css", "CSS", 0, 0, 0, 0, 1, 0, 0, 0, 0, 5, 1, 7
"c:\laragon\www\grado\public\vendors\jsgrid\jsgrid.min.js", "JavaScript", 0, 2, 0, 0, 0, 0, 0, 0, 0, 5, 1, 8
"c:\laragon\www\grado\public\vendors\justgage\justgage.js", "JavaScript", 0, 833, 0, 0, 0, 0, 0, 0, 0, 209, 179, 1221
"c:\laragon\www\grado\public\vendors\justgage\raphael-2.1.4.min.js", "JavaScript", 0, 3, 0, 0, 0, 0, 0, 0, 0, 8, 1, 12
"c:\laragon\www\grado\public\vendors\jvectormap\jquery-jvectormap-world-mill-en.js", "JavaScript", 0, 1, 0, 0, 0, 0, 0, 0, 0, 0, 0, 1
"c:\laragon\www\grado\public\vendors\jvectormap\jquery-jvectormap.css", "CSS", 0, 0, 0, 0, 113, 0, 0, 0, 0, 0, 22, 135
"c:\laragon\www\grado\public\vendors\jvectormap\jquery-jvectormap.min.js", "JavaScript", 0, 2, 0, 0, 0, 0, 0, 0, 0, 0, 0, 2
"c:\laragon\www\grado\public\vendors\lightgallery\css\lightgallery.css", "CSS", 0, 0, 0, 0, 953, 0, 0, 0, 0, 5, 25, 983
"c:\laragon\www\grado\public\vendors\lightgallery\js\lightgallery-all.min.js", "JavaScript", 0, 2, 0, 0, 0, 0, 0, 0, 0, 3, 0, 5
"c:\laragon\www\grado\public\vendors\mdi\css\materialdesignicons.min.css", "CSS", 0, 0, 0, 0, 1, 0, 0, 0, 0, 1, 1, 3
"c:\laragon\www\grado\public\vendors\mdi\fonts\materialdesignicons-webfonte013.html", "HTML", 0, 0, 1563, 0, 0, 0, 0, 0, 0, 0, 11, 1574
"c:\laragon\www\grado\public\vendors\moment\moment.min.js", "JavaScript", 0, 1, 0, 0, 0, 0, 0, 0, 0, 0, 0, 1
"c:\laragon\www\grado\public\vendors\morris.js\morris.css", "CSS", 0, 0, 0, 0, 2, 0, 0, 0, 0, 0, 1, 3
"c:\laragon\www\grado\public\vendors\morris.js\morris.min.js", "JavaScript", 0, 2, 0, 0, 0, 0, 0, 0, 0, 5, 0, 7
"c:\laragon\www\grado\public\vendors\nouislider\nouislider.min.css", "CSS", 0, 0, 0, 0, 1, 0, 0, 0, 0, 1, 0, 2
"c:\laragon\www\grado\public\vendors\nouislider\nouislider.min.js", "JavaScript", 0, 1, 0, 0, 0, 0, 0, 0, 0, 1, 0, 2
"c:\laragon\www\grado\public\vendors\owl-carousel-2\owl.carousel.min.css", "CSS", 0, 0, 0, 0, 1, 0, 0, 0, 0, 0, 0, 1
"c:\laragon\www\grado\public\vendors\owl-carousel-2\owl.carousel.min.js", "JavaScript", 0, 2, 0, 0, 0, 0, 0, 0, 0, 0, 0, 2
"c:\laragon\www\grado\public\vendors\owl-carousel-2\owl.theme.default.min.css", "CSS", 0, 0, 0, 0, 1, 0, 0, 0, 0, 0, 0, 1
"c:\laragon\www\grado\public\vendors\progressbar.js\progressbar.min.js", "JavaScript", 0, 1, 0, 0, 0, 0, 0, 0, 0, 4, 1, 6
"c:\laragon\www\grado\public\vendors\pwstabs\jquery.pwstabs.min.js", "JavaScript", 0, 1, 0, 0, 0, 0, 0, 0, 0, 0, 0, 1
"c:\laragon\www\grado\public\vendors\quill\quill.min.js", "JavaScript", 0, 1, 0, 0, 0, 0, 0, 0, 0, 7, 0, 8
"c:\laragon\www\grado\public\vendors\quill\quill.snow.css", "CSS", 0, 0, 0, 0, 939, 0, 0, 0, 0, 6, 1, 946
"c:\laragon\www\grado\public\vendors\raphael\raphael.min.js", "JavaScript", 0, 1, 0, 0, 0, 0, 0, 0, 0, 0, 0, 1
"c:\laragon\www\grado\public\vendors\select2-bootstrap-theme\select2-bootstrap.min.css", "CSS", 0, 0, 0, 0, 1, 0, 0, 0, 0, 5, 2, 8
"c:\laragon\www\grado\public\vendors\select2\select2.min.css", "CSS", 0, 0, 0, 0, 1, 0, 0, 0, 0, 0, 1, 2
"c:\laragon\www\grado\public\vendors\select2\select2.min.js", "JavaScript", 0, 1, 0, 0, 0, 0, 0, 0, 0, 0, 0, 1
"c:\laragon\www\grado\public\vendors\simple-line-icons\css\simple-line-icons.css", "CSS", 0, 0, 0, 0, 773, 0, 0, 0, 0, 5, 1, 779
"c:\laragon\www\grado\public\vendors\simplemde\simplemde.min.css", "CSS", 0, 0, 0, 0, 1, 0, 0, 0, 0, 6, 0, 7
"c:\laragon\www\grado\public\vendors\simplemde\simplemde.min.js", "JavaScript", 0, 9, 0, 0, 0, 0, 0, 0, 0, 6, 0, 15
"c:\laragon\www\grado\public\vendors\summernote\dist\summernote-bs4.css", "CSS", 0, 0, 0, 0, 1, 0, 0, 0, 0, 0, 0, 1
"c:\laragon\www\grado\public\vendors\summernote\dist\summernote-bs4.min.js", "JavaScript", 0, 1, 0, 0, 0, 0, 0, 0, 0, 1, 1, 3
"c:\laragon\www\grado\public\vendors\sweetalert\sweetalert.min.js", "JavaScript", 0, 1, 0, 0, 0, 0, 0, 0, 0, 0, 0, 1
"c:\laragon\www\grado\public\vendors\tempusdominus-bootstrap-4\tempusdominus-bootstrap-4.js", "JavaScript", 0, 2381, 0, 0, 0, 0, 0, 0, 0, 60, 339, 2780
"c:\laragon\www\grado\public\vendors\tempusdominus-bootstrap-4\tempusdominus-bootstrap-4.min.css", "CSS", 0, 0, 0, 0, 198, 0, 0, 0, 0, 5, 4, 207
"c:\laragon\www\grado\public\vendors\tinymce\tinymce.min.js", "JavaScript", 0, 1, 0, 0, 0, 0, 0, 0, 0, 8, 0, 9
"c:\laragon\www\grado\public\vendors\typeahead.js\typeahead.bundle.min.js", "JavaScript", 0, 2, 0, 0, 0, 0, 0, 0, 0, 5, 1, 8
"c:\laragon\www\grado\public\vendors\x-editable\bootstrap-editable.css", "CSS", 0, 0, 0, 0, 592, 0, 0, 0, 0, 34, 38, 664
"c:\laragon\www\grado\public\vendors\x-editable\bootstrap-editable.min.js", "JavaScript", 0, 3, 0, 0, 0, 0, 0, 0, 0, 4, 0, 7
"c:\laragon\www\grado\resources\js\app.js", "JavaScript", 0, 1, 0, 0, 0, 0, 0, 0, 0, 0, 1, 2
"c:\laragon\www\grado\resources\js\bootstrap.js", "JavaScript", 0, 3, 0, 0, 0, 0, 0, 0, 0, 18, 8, 29
"c:\laragon\www\grado\resources\lang\en\auth.php", "PHP", 5, 0, 0, 0, 0, 0, 0, 0, 0, 10, 5, 20
"c:\laragon\www\grado\resources\lang\en\pagination.php", "PHP", 5, 0, 0, 0, 0, 0, 0, 0, 0, 10, 5, 20
"c:\laragon\www\grado\resources\lang\en\passwords.php", "PHP", 8, 0, 0, 0, 0, 0, 0, 0, 0, 10, 5, 23
"c:\laragon\www\grado\resources\lang\en\validation.php", "PHP", 113, 0, 0, 0, 0, 0, 0, 0, 0, 30, 9, 152
"c:\laragon\www\grado\resources\lang\es\auth.php", "PHP", 5, 0, 0, 0, 0, 0, 0, 0, 0, 10, 3, 18
"c:\laragon\www\grado\resources\lang\es\pagination.php", "PHP", 5, 0, 0, 0, 0, 0, 0, 0, 0, 10, 3, 18
"c:\laragon\www\grado\resources\lang\es\passwords.php", "PHP", 8, 0, 0, 0, 0, 0, 0, 0, 0, 10, 3, 21
"c:\laragon\www\grado\resources\lang\es\validation.php", "PHP", 149, 0, 0, 0, 0, 0, 0, 0, 0, 30, 7, 186
"c:\laragon\www\grado\resources\sass\app.scss", "SCSS", 0, 0, 0, 0, 0, 0, 0, 0, 0, 1, 1, 2
"c:\laragon\www\grado\resources\views\Almacenes\list.blade.php", "PHP", 230, 0, 0, 0, 0, 0, 0, 0, 0, 1, 2, 233
"c:\laragon\www\grado\resources\views\Categories\list.blade.php", "PHP", 225, 0, 0, 0, 0, 0, 0, 0, 0, 1, 2, 228
"c:\laragon\www\grado\resources\views\Customer\list.blade.php", "PHP", 137, 0, 0, 0, 0, 0, 0, 0, 0, 1, 0, 138
"c:\laragon\www\grado\resources\views\Customer\new.blade.php", "PHP", 133, 0, 0, 0, 0, 0, 0, 0, 0, 0, 0, 133
"c:\laragon\www\grado\resources\views\Customer\update.blade.php", "PHP", 150, 0, 0, 0, 0, 0, 0, 0, 0, 0, 2, 152
"c:\laragon\www\grado\resources\views\Distribuciones\admdetail.blade.php", "PHP", 318, 0, 0, 0, 0, 0, 0, 0, 0, 7, 2, 327
"c:\laragon\www\grado\resources\views\Distribuciones\admpedidos.blade.php", "PHP", 120, 0, 0, 0, 0, 0, 0, 0, 0, 1, 2, 123
"c:\laragon\www\grado\resources\views\Distribuciones\admunit.blade.php", "PHP", 50, 0, 0, 0, 0, 0, 0, 0, 0, 0, 2, 52
"c:\laragon\www\grado\resources\views\Distribuciones\detail.blade.php", "PHP", 380, 0, 0, 0, 0, 0, 0, 0, 0, 9, 4, 393
"c:\laragon\www\grado\resources\views\Distribuciones\new.blade.php", "PHP", 132, 0, 0, 0, 0, 0, 0, 0, 0, 1, 2, 135
"c:\laragon\www\grado\resources\views\Distribuciones\unit.blade.php", "PHP", 49, 0, 0, 0, 0, 0, 0, 0, 0, 0, 2, 51
"c:\laragon\www\grado\resources\views\Home\home.blade.php", "PHP", 326, 0, 0, 0, 0, 0, 0, 0, 0, 8, 15, 349
"c:\laragon\www\grado\resources\views\Instituciones\admdetail.blade.php", "PHP", 281, 0, 0, 0, 0, 0, 0, 0, 0, 6, 3, 290
"c:\laragon\www\grado\resources\views\Instituciones\admpedidos.blade.php", "PHP", 121, 0, 0, 0, 0, 0, 0, 0, 0, 1, 2, 124
"c:\laragon\www\grado\resources\views\Instituciones\admunit.blade.php", "PHP", 50, 0, 0, 0, 0, 0, 0, 0, 0, 0, 2, 52
"c:\laragon\www\grado\resources\views\Instituciones\comaprov.blade.php", "PHP", 339, 0, 0, 0, 0, 0, 0, 0, 0, 9, 3, 351
"c:\laragon\www\grado\resources\views\Instituciones\compedidos.blade.php", "PHP", 129, 0, 0, 0, 0, 0, 0, 0, 0, 1, 3, 133
"c:\laragon\www\grado\resources\views\Instituciones\comunit.blade.php", "PHP", 50, 0, 0, 0, 0, 0, 0, 0, 0, 0, 2, 52
"c:\laragon\www\grado\resources\views\Instituciones\detail.blade.php", "PHP", 371, 0, 0, 0, 0, 0, 0, 0, 0, 9, 3, 383
"c:\laragon\www\grado\resources\views\Instituciones\new.blade.php", "PHP", 158, 0, 0, 0, 0, 0, 0, 0, 0, 4, 2, 164
"c:\laragon\www\grado\resources\views\Instituciones\unit.blade.php", "PHP", 49, 0, 0, 0, 0, 0, 0, 0, 0, 0, 2, 51
"c:\laragon\www\grado\resources\views\Ordenes\detail.blade.php", "PHP", 97, 0, 0, 0, 0, 0, 0, 0, 0, 0, 2, 99
"c:\laragon\www\grado\resources\views\Ordenes\detreport.blade.php", "PHP", 61, 0, 0, 0, 0, 0, 0, 0, 0, 1, 3, 65
"c:\laragon\www\grado\resources\views\Ordenes\list.blade.php", "PHP", 248, 0, 0, 0, 0, 0, 0, 0, 0, 1, 10, 259
"c:\laragon\www\grado\resources\views\Ordenes\maestro.blade.php", "PHP", 80, 0, 0, 0, 0, 0, 0, 0, 0, 1, 4, 85
"c:\laragon\www\grado\resources\views\Ordenes\report.blade.php", "PHP", 68, 0, 0, 0, 0, 0, 0, 0, 0, 1, 5, 74
"c:\laragon\www\grado\resources\views\Ordenes\seguimiento.blade.php", "PHP", 124, 0, 0, 0, 0, 0, 0, 0, 0, 5, 12, 141
"c:\laragon\www\grado\resources\views\ProductTypes\asignation.blade.php", "PHP", 200, 0, 0, 0, 0, 0, 0, 0, 0, 3, 3, 206
"c:\laragon\www\grado\resources\views\ProductTypes\detail.blade.php", "PHP", 274, 0, 0, 0, 0, 0, 0, 0, 0, 3, 3, 280
"c:\laragon\www\grado\resources\views\ProductTypes\list.blade.php", "PHP", 203, 0, 0, 0, 0, 0, 0, 0, 0, 1, 2, 206
"c:\laragon\www\grado\resources\views\Products\list.blade.php", "PHP", 129, 0, 0, 0, 0, 0, 0, 0, 0, 1, 0, 130
"c:\laragon\www\grado\resources\views\Products\new.blade.php", "PHP", 89, 0, 0, 0, 0, 0, 0, 0, 0, 0, 0, 89
"c:\laragon\www\grado\resources\views\Promotions\list.blade.php", "PHP", 201, 0, 0, 0, 0, 0, 0, 0, 0, 1, 2, 204
"c:\laragon\www\grado\resources\views\Reservations\list.blade.php", "PHP", 45, 0, 0, 0, 0, 0, 0, 0, 0, 0, 3, 48
"c:\laragon\www\grado\resources\views\Responsibles\list.blade.php", "PHP", 125, 0, 0, 0, 0, 0, 0, 0, 0, 0, 0, 125
"c:\laragon\www\grado\resources\views\Responsibles\new.blade.php", "PHP", 130, 0, 0, 0, 0, 0, 0, 0, 0, 0, 1, 131
"c:\laragon\www\grado\resources\views\Responsibles\update.blade.php", "PHP", 147, 0, 0, 0, 0, 0, 0, 0, 0, 0, 1, 148
"c:\laragon\www\grado\resources\views\Sales\list.blade.php", "PHP", 129, 0, 0, 0, 0, 0, 0, 0, 0, 1, 0, 130
"c:\laragon\www\grado\resources\views\Spaces\list.blade.php", "PHP", 226, 0, 0, 0, 0, 0, 0, 0, 0, 1, 2, 229
"c:\laragon\www\grado\resources\views\Sports\list.blade.php", "PHP", 201, 0, 0, 0, 0, 0, 0, 0, 0, 1, 2, 204
"c:\laragon\www\grado\resources\views\Teams\list.blade.php", "PHP", 201, 0, 0, 0, 0, 0, 0, 0, 0, 1, 2, 204
"c:\laragon\www\grado\resources\views\Unitxuser\asignation.blade.php", "PHP", 194, 0, 0, 0, 0, 0, 0, 0, 0, 3, 2, 199
"c:\laragon\www\grado\resources\views\Unitxuser\index.blade.php", "PHP", 54, 0, 0, 0, 0, 0, 0, 0, 0, 0, 2, 56
"c:\laragon\www\grado\resources\views\Users\list.blade.php", "PHP", 125, 0, 0, 0, 0, 0, 0, 0, 0, 0, 0, 125
"c:\laragon\www\grado\resources\views\Users\new.blade.php", "PHP", 130, 0, 0, 0, 0, 0, 0, 0, 0, 0, 1, 131
"c:\laragon\www\grado\resources\views\Users\update.blade.php", "PHP", 148, 0, 0, 0, 0, 0, 0, 0, 0, 0, 1, 149
"c:\laragon\www\grado\resources\views\auth\login.blade.php", "PHP", 62, 0, 0, 0, 0, 0, 0, 0, 0, 0, 1, 63
"c:\laragon\www\grado\resources\views\layouts\app.blade.php", "PHP", 91, 0, 0, 0, 0, 0, 0, 0, 0, 0, 6, 97
"c:\laragon\www\grado\resources\views\layouts\footer.blade.php", "PHP", 6, 0, 0, 0, 0, 0, 0, 0, 0, 0, 0, 6
"c:\laragon\www\grado\resources\views\layouts\navbar.blade.php", "PHP", 28, 0, 0, 0, 0, 0, 0, 0, 0, 0, 1, 29
"c:\laragon\www\grado\resources\views\layouts\notify.blade.php", "PHP", 119, 0, 0, 0, 0, 0, 0, 0, 0, 0, 0, 119
"c:\laragon\www\grado\resources\views\layouts\page.blade.php", "PHP", 42, 0, 0, 0, 0, 0, 0, 0, 0, 0, 4, 46
"c:\laragon\www\grado\resources\views\layouts\sidebar.blade.php", "PHP", 124, 0, 0, 0, 0, 0, 0, 0, 0, 0, 0, 124
"c:\laragon\www\grado\routes\api.php", "PHP", 6, 0, 0, 0, 0, 0, 0, 0, 0, 10, 3, 19
"c:\laragon\www\grado\routes\channels.php", "PHP", 5, 0, 0, 0, 0, 0, 0, 0, 0, 10, 4, 19
"c:\laragon\www\grado\routes\console.php", "PHP", 6, 0, 0, 0, 0, 0, 0, 0, 0, 10, 4, 20
"c:\laragon\www\grado\routes\web.php", "PHP", 146, 0, 0, 0, 0, 0, 0, 0, 0, 31, 29, 206
"c:\laragon\www\grado\server.php", "PHP", 8, 0, 0, 0, 0, 0, 0, 0, 0, 9, 5, 22
"c:\laragon\www\grado\tests\CreatesApplication.php", "PHP", 12, 0, 0, 0, 0, 0, 0, 0, 0, 5, 6, 23
"c:\laragon\www\grado\tests\Feature\ExampleTest.php", "PHP", 12, 0, 0, 0, 0, 0, 0, 0, 0, 5, 5, 22
"c:\laragon\www\grado\tests\TestCase.php", "PHP", 7, 0, 0, 0, 0, 0, 0, 0, 0, 0, 4, 11
"c:\laragon\www\grado\tests\Unit\ExampleTest.php", "PHP", 10, 0, 0, 0, 0, 0, 0, 0, 0, 5, 4, 19
"c:\laragon\www\grado\vendor\facade\ignition\resources\compiled\ignition.js", "JavaScript", 0, 5, 0, 0, 0, 0, 0, 0, 0, 27, 0, 32
"c:\laragon\www\grado\vendor\facade\ignition\resources\compiled\index.html", "HTML", 0, 0, 12, 0, 0, 0, 0, 0, 0, 0, 1, 13
"c:\laragon\www\grado\webpack.mix.js", "JavaScript", 0, 3, 0, 0, 0, 0, 0, 0, 0, 10, 3, 16
"Total", "-", 11705, 51292, 3441, 60, 32904, 62, 0, 7518, 13, 12730, 11661, 131386